IPK,Jumlah_Absensi,Waktu_Belajar_Jam,Rasio_Absensi,IPK_x_Study
3.9,2,12,0.1428571428571428,46.8
2.3,9,2,0.6428571428571429,4.6
2.1,11,2,0.7857142857142857,4.2
3.9,2,13,0.1428571428571428,50.7
2.9,7,4,0.5,11.6
