IPK,Jumlah_Absensi,Waktu_Belajar_Jam,Rasio_Absensi,IPK_x_Study
3.7,3,11,0.2142857142857142,40.7
2.2,10,2,0.7142857142857143,4.4
2.7,7,3,0.5,8.100000000000001
3.6,4,10,0.2857142857142857,36.0
